doc_id,source_document_id,pdf_url,original_url,local_pdf_path,expected_size_bytes,download_ok,file_size_bytes,download_error
rtve_1860,1860,https://www.rtve.es/contenidos/documentos/23f-desclasificado/99_1982_vista_oral_281_del_consejo_supremo_de_justicia_militar_20_de_febrero_de_1982.pdf,https://23fbuscador.rtve.es/document/ocr/1860/original,data/raw/pdfs_rtve/rtve_1860.pdf,771201,True,771201,
rtve_1859,1859,https://www.rtve.es/contenidos/documentos/23f-desclasificado/98_1982_vista_oral_281_del_consejo_supremo_de_justicia_militar_22_de_febrero_de_1982.pdf,https://23fbuscador.rtve.es/document/ocr/1859/original,data/raw/pdfs_rtve/rtve_1859.pdf,979124,True,979124,
rtve_1858,1858,https://www.rtve.es/contenidos/documentos/23f-desclasificado/97_1982_vista_oral_281_del_consejo_supremo_de_justicia_militar_24_de_febrero_de_1982.pdf,https://23fbuscador.rtve.es/document/ocr/1858/original,data/raw/pdfs_rtve/rtve_1858.pdf,1241724,True,1241724,
rtve_1857,1857,https://www.rtve.es/contenidos/documentos/23f-desclasificado/96_1982_vista_oral_281_del_consejo_supremo_de_justicia_militar_25_de_febrero_de_1982.pdf,https://23fbuscador.rtve.es/document/ocr/1857/original,data/raw/pdfs_rtve/rtve_1857.pdf,1680589,True,1680589,
rtve_1856,1856,https://www.rtve.es/contenidos/documentos/23f-desclasificado/95_1982_vista_oral_281_del_consejo_supremo_de_justicia_militar_26_de_febrero_de_1982.pdf,https://23fbuscador.rtve.es/document/ocr/1856/original,data/raw/pdfs_rtve/rtve_1856.pdf,973226,True,973226,
rtve_1855,1855,https://www.rtve.es/contenidos/documentos/23f-desclasificado/94_1982_informacion_integrada_11_de_marzo_de_1982.pdf,https://23fbuscador.rtve.es/document/ocr/1855/original,data/raw/pdfs_rtve/rtve_1855.pdf,317807,True,317807,
rtve_1854,1854,https://www.rtve.es/contenidos/documentos/23f-desclasificado/93_1982_informacion_integrada_16_de_marzo_de_1982.pdf,https://23fbuscador.rtve.es/document/ocr/1854/original,data/raw/pdfs_rtve/rtve_1854.pdf,319587,True,319587,
rtve_1853,1853,https://www.rtve.es/contenidos/documentos/23f-desclasificado/92_1982_vista_oral_281_del_consejo_supremo_de_justicia_militar_2_de_marzo_de_1982.pdf,https://23fbuscador.rtve.es/document/ocr/1853/original,data/raw/pdfs_rtve/rtve_1853.pdf,1626178,True,1626178,
rtve_1852,1852,https://www.rtve.es/contenidos/documentos/23f-desclasificado/91_1982_vista_oral_281_del_consejo_supremo_de_justicia_militar_5_de_marzo_de_1982.pdf,https://23fbuscador.rtve.es/document/ocr/1852/original,data/raw/pdfs_rtve/rtve_1852.pdf,1282344,True,1282344,
rtve_1851,1851,https://www.rtve.es/contenidos/documentos/23f-desclasificado/90_1982_vista_oral_281_del_consejo_supremo_de_justicia_militar_8_de_marzo_de_1982.pdf,https://23fbuscador.rtve.es/document/ocr/1851/original,data/raw/pdfs_rtve/rtve_1851.pdf,782136,True,782136,
rtve_1850,1850,https://www.rtve.es/contenidos/documentos/23f-desclasificado/89_1982_vista_oral_281_del_consejo_supremo_de_justicia_militar_9_de_marzo_de_1982.pdf,https://23fbuscador.rtve.es/document/ocr/1850/original,data/raw/pdfs_rtve/rtve_1850.pdf,737637,True,737637,
rtve_1849,1849,https://www.rtve.es/contenidos/documentos/23f-desclasificado/88_1982_vista_oral_281_del_consejo_supremo_de_justicia_militar_11_de_marzo_de_1982.pdf,https://23fbuscador.rtve.es/document/ocr/1849/original,data/raw/pdfs_rtve/rtve_1849.pdf,534447,True,534447,
rtve_1848,1848,https://www.rtve.es/contenidos/documentos/23f-desclasificado/87_1982_vista_oral_281_del_consejo_supremo_de_justicia_militar_12_de_marzo_de_1982.pdf,https://23fbuscador.rtve.es/document/ocr/1848/original,data/raw/pdfs_rtve/rtve_1848.pdf,339015,True,339015,
rtve_1847,1847,https://www.rtve.es/contenidos/documentos/23f-desclasificado/86_1982_vista_oral_281_del_consejo_supremo_de_justicia_militar_15_de_marzo_de_1982.pdf,https://23fbuscador.rtve.es/document/ocr/1847/original,data/raw/pdfs_rtve/rtve_1847.pdf,715422,True,715422,
rtve_1846,1846,https://www.rtve.es/contenidos/documentos/23f-desclasificado/85_1982_vista_oral_281_del_consejo_supremo_de_justicia_militar_16_de_marzo_de_1982.pdf,https://23fbuscador.rtve.es/document/ocr/1846/original,data/raw/pdfs_rtve/rtve_1846.pdf,1034953,True,1034953,
rtve_1845,1845,https://www.rtve.es/contenidos/documentos/23f-desclasificado/84_1982_vista_oral_281_del_consejo_supremo_de_justicia_militar_17_de_marzo_de_1982.pdf,https://23fbuscador.rtve.es/document/ocr/1845/original,data/raw/pdfs_rtve/rtve_1845.pdf,729979,True,729979,
rtve_1844,1844,https://www.rtve.es/contenidos/documentos/23f-desclasificado/83_1982_vista_oral_281_del_consejo_supremo_de_justicia_militar_18_de_marzo_de_1982.pdf,https://23fbuscador.rtve.es/document/ocr/1844/original,data/raw/pdfs_rtve/rtve_1844.pdf,979699,True,979699,
rtve_1843,1843,https://www.rtve.es/contenidos/documentos/23f-desclasificado/82_1982_vista_oral_281_del_consejo_supremo_de_justicia_militar_23_de_marzo_de_1982.pdf,https://23fbuscador.rtve.es/document/ocr/1843/original,data/raw/pdfs_rtve/rtve_1843.pdf,744391,True,744391,
rtve_1842,1842,https://www.rtve.es/contenidos/documentos/23f-desclasificado/81_1982_vista_oral_281_del_consejo_supremo_de_justicia_militar_22_de_marzo_de_1982.pdf,https://23fbuscador.rtve.es/document/ocr/1842/original,data/raw/pdfs_rtve/rtve_1842.pdf,925685,True,925685,
rtve_1841,1841,https://www.rtve.es/contenidos/documentos/23f-desclasificado/80_1982_vista_oral_281_del_consejo_supremo_de_justicia_militar_24_de_marzo_de_1982.pdf,https://23fbuscador.rtve.es/document/ocr/1841/original,data/raw/pdfs_rtve/rtve_1841.pdf,714863,True,714863,
rtve_1840,1840,https://www.rtve.es/contenidos/documentos/23f-desclasificado/79_1982_vista_oral_281_del_consejo_supremo_de_justicia_militar_26_de_marzo_de_1982.pdf,https://23fbuscador.rtve.es/document/ocr/1840/original,data/raw/pdfs_rtve/rtve_1840.pdf,730578,True,730578,
rtve_1839,1839,https://www.rtve.es/contenidos/documentos/23f-desclasificado/78_1982_vista_oral_281_del_consejo_supremo_de_justicia_militar_29_de_marzo_de_1982.pdf,https://23fbuscador.rtve.es/document/ocr/1839/original,data/raw/pdfs_rtve/rtve_1839.pdf,1401903,True,1401903,
rtve_1838,1838,https://www.rtve.es/contenidos/documentos/23f-desclasificado/77_1982_vista_oral_281_del_consejo_supremo_de_justicia_militar_30_de_marzo_de_1982.pdf,https://23fbuscador.rtve.es/document/ocr/1838/original,data/raw/pdfs_rtve/rtve_1838.pdf,1494186,True,1494186,
rtve_1837,1837,https://www.rtve.es/contenidos/documentos/23f-desclasificado/76_1982_informacion_integrada_5_de_abril_de_1982.pdf,https://23fbuscador.rtve.es/document/ocr/1837/original,data/raw/pdfs_rtve/rtve_1837.pdf,280446,True,280446,
rtve_1836,1836,https://www.rtve.es/contenidos/documentos/23f-desclasificado/75_1982_vista_oral_281_incidentes_en_la_tarde_del_5_de_abril_de_1982_6_de_abril_de_1982.pdf,https://23fbuscador.rtve.es/document/ocr/1836/original,data/raw/pdfs_rtve/rtve_1836.pdf,365865,True,365865,
rtve_1835,1835,https://www.rtve.es/contenidos/documentos/23f-desclasificado/74_1982_informacion_integrada_20_de_abril_de_1982.pdf,https://23fbuscador.rtve.es/document/ocr/1835/original,data/raw/pdfs_rtve/rtve_1835.pdf,153113,True,153113,
rtve_1834,1834,https://www.rtve.es/contenidos/documentos/23f-desclasificado/73_1982_vista_oral_281_del_consejo_supremo_de_justicia_militar_1_de_abril_de_1982.pdf,https://23fbuscador.rtve.es/document/ocr/1834/original,data/raw/pdfs_rtve/rtve_1834.pdf,641801,True,641801,
rtve_1833,1833,https://www.rtve.es/contenidos/documentos/23f-desclasificado/72_1982_vista_oral_281_del_consejo_supremo_de_justicia_militar_2_de_abril_de_1982.pdf,https://23fbuscador.rtve.es/document/ocr/1833/original,data/raw/pdfs_rtve/rtve_1833.pdf,1453876,True,1453876,
rtve_1832,1832,https://www.rtve.es/contenidos/documentos/23f-desclasificado/71_1982_vista_oral_281_del_consejo_supremo_de_justicia_militar_6_de_abril_de_1982.pdf,https://23fbuscador.rtve.es/document/ocr/1832/original,data/raw/pdfs_rtve/rtve_1832.pdf,991328,True,991328,
rtve_1831,1831,https://www.rtve.es/contenidos/documentos/23f-desclasificado/70_1982_vista_oral_281_del_consejo_supremo_de_justicia_militar_7_de_abril_de_1982.pdf,https://23fbuscador.rtve.es/document/ocr/1831/original,data/raw/pdfs_rtve/rtve_1831.pdf,959622,True,959622,
rtve_1830,1830,https://www.rtve.es/contenidos/documentos/23f-desclasificado/69_1982_vista_oral_281_del_consejo_supremo_de_justicia_militar_5_de_abril_de_1982.pdf,https://23fbuscador.rtve.es/document/ocr/1830/original,data/raw/pdfs_rtve/rtve_1830.pdf,1431702,True,1431702,
rtve_1829,1829,https://www.rtve.es/contenidos/documentos/23f-desclasificado/68_1982_vista_oral_281_del_consejo_supremo_de_justicia_militar_13_de_abril_de_1982.pdf,https://23fbuscador.rtve.es/document/ocr/1829/original,data/raw/pdfs_rtve/rtve_1829.pdf,961127,True,961127,
rtve_1828,1828,https://www.rtve.es/contenidos/documentos/23f-desclasificado/67_1982_vista_oral_281_del_consejo_supremo_de_justicia_militar_14_de_abril_de_1982.pdf,https://23fbuscador.rtve.es/document/ocr/1828/original,data/raw/pdfs_rtve/rtve_1828.pdf,1025125,True,1025125,
rtve_1827,1827,https://www.rtve.es/contenidos/documentos/23f-desclasificado/66_1982_vista_oral_281_del_consejo_supremo_de_justicia_militar_16_de_abril_de_1982.pdf,https://23fbuscador.rtve.es/document/ocr/1827/original,data/raw/pdfs_rtve/rtve_1827.pdf,1131375,True,1131375,
rtve_1826,1826,https://www.rtve.es/contenidos/documentos/23f-desclasificado/65_1982_vista_oral_281_del_consejo_supremo_de_justicia_militar_19_de_abril_de_1982.pdf,https://23fbuscador.rtve.es/document/ocr/1826/original,data/raw/pdfs_rtve/rtve_1826.pdf,451131,True,451131,
rtve_1825,1825,https://www.rtve.es/contenidos/documentos/23f-desclasificado/64_1982_vista_oral_281_del_consejo_supremo_de_justicia_militar_20_de_abril_de_1982.pdf,https://23fbuscador.rtve.es/document/ocr/1825/original,data/raw/pdfs_rtve/rtve_1825.pdf,451088,True,451088,
rtve_1824,1824,https://www.rtve.es/contenidos/documentos/23f-desclasificado/63_1982_vista_oral_281_del_consejo_supremo_de_justicia_militar_27_de_abril_de_1982.pdf,https://23fbuscador.rtve.es/document/ocr/1824/original,data/raw/pdfs_rtve/rtve_1824.pdf,483254,True,483254,
rtve_1823,1823,https://www.rtve.es/contenidos/documentos/23f-desclasificado/62_1982_vista_oral_281_del_consejo_supremo_de_justicia_militar_28_de_abril_de_1982.pdf,https://23fbuscador.rtve.es/document/ocr/1823/original,data/raw/pdfs_rtve/rtve_1823.pdf,744694,True,744694,
rtve_1822,1822,https://www.rtve.es/contenidos/documentos/23f-desclasificado/61_1982_vista_oral_281_del_consejo_supremo_de_justicia_militar_29_de_abril_de_1982.pdf,https://23fbuscador.rtve.es/document/ocr/1822/original,data/raw/pdfs_rtve/rtve_1822.pdf,400405,True,400405,
rtve_1821,1821,https://www.rtve.es/contenidos/documentos/23f-desclasificado/60_1982_vista_oral_281_del_consejo_supremo_de_justicia_militar_30_de_abril_de_1982.pdf,https://23fbuscador.rtve.es/document/ocr/1821/original,data/raw/pdfs_rtve/rtve_1821.pdf,1102512,True,1102512,
rtve_1820,1820,https://www.rtve.es/contenidos/documentos/23f-desclasificado/59_1982_informacion_integrada_17_de_mayo_de_1982.pdf,https://23fbuscador.rtve.es/document/ocr/1820/original,data/raw/pdfs_rtve/rtve_1820.pdf,301661,True,301661,
rtve_1819,1819,https://www.rtve.es/contenidos/documentos/23f-desclasificado/58_1982_vista_oral_281_del_consejo_supremo_de_justicia_militar_3_de_mayo_de_1982.pdf,https://23fbuscador.rtve.es/document/ocr/1819/original,data/raw/pdfs_rtve/rtve_1819.pdf,1156863,True,1156863,
rtve_1818,1818,https://www.rtve.es/contenidos/documentos/23f-desclasificado/57_1982_vista_oral_281_del_consejo_supremo_de_justicia_militar_4_de_mayo_de_1982.pdf,https://23fbuscador.rtve.es/document/ocr/1818/original,data/raw/pdfs_rtve/rtve_1818.pdf,758206,True,758206,
rtve_1817,1817,https://www.rtve.es/contenidos/documentos/23f-desclasificado/56_1982_vista_oral_281_del_consejo_supremo_de_justicia_militar_5_de_mayo_de_1982.pdf,https://23fbuscador.rtve.es/document/ocr/1817/original,data/raw/pdfs_rtve/rtve_1817.pdf,940149,True,940149,
rtve_1816,1816,https://www.rtve.es/contenidos/documentos/23f-desclasificado/55_1982_vista_oral_281_del_consejo_supremo_de_justicia_militar_6_de_mayo_de_1982.pdf,https://23fbuscador.rtve.es/document/ocr/1816/original,data/raw/pdfs_rtve/rtve_1816.pdf,911232,True,911232,
rtve_1815,1815,https://www.rtve.es/contenidos/documentos/23f-desclasificado/54_1982_vista_oral_281_del_consejo_supremo_de_justicia_militar_10_de_mayo_de_1982.pdf,https://23fbuscador.rtve.es/document/ocr/1815/original,data/raw/pdfs_rtve/rtve_1815.pdf,819018,True,819018,
rtve_1814,1814,https://www.rtve.es/contenidos/documentos/23f-desclasificado/53_1982_vista_oral_281_del_consejo_supremo_de_justicia_militar_12_de_mayo_de_1982.pdf,https://23fbuscador.rtve.es/document/ocr/1814/original,data/raw/pdfs_rtve/rtve_1814.pdf,806823,True,806823,
rtve_1813,1813,https://www.rtve.es/contenidos/documentos/23f-desclasificado/52_1982_vista_oral_281_del_consejo_supremo_de_justicia_militar_17_de_mayo_de_1982.pdf,https://23fbuscador.rtve.es/document/ocr/1813/original,data/raw/pdfs_rtve/rtve_1813.pdf,1103211,True,1103211,
rtve_1812,1812,https://www.rtve.es/contenidos/documentos/23f-desclasificado/51_1982_vista_oral_281_del_consejo_supremo_de_justicia_militar_18_de_mayo_de_1982.pdf,https://23fbuscador.rtve.es/document/ocr/1812/original,data/raw/pdfs_rtve/rtve_1812.pdf,584125,True,584125,
rtve_1811,1811,https://www.rtve.es/contenidos/documentos/23f-desclasificado/50_1982_vista_oral_281_del_consejo_supremo_de_justicia_militar_24_de_mayo_de_1982.pdf,https://23fbuscador.rtve.es/document/ocr/1811/original,data/raw/pdfs_rtve/rtve_1811.pdf,2005861,True,2005861,
rtve_1810,1810,https://www.rtve.es/contenidos/documentos/23f-desclasificado/49_2026_relato_de_los_sucesos_de_los_dias_23_y_24_de_febrero.pdf,https://23fbuscador.rtve.es/document/ocr/1810/original,data/raw/pdfs_rtve/rtve_1810.pdf,1811603,True,1811603,
rtve_1809,1809,https://www.rtve.es/contenidos/documentos/23f-desclasificado/48_1982_estado_de_opinion_sobre_las_sentencias_seccion_de_contrainformacion_del_eme_secc.pdf,https://23fbuscador.rtve.es/document/ocr/1809/original,data/raw/pdfs_rtve/rtve_1809.pdf,337634,True,337634,
rtve_1808,1808,https://www.rtve.es/contenidos/documentos/23f-desclasificado/47_1982_reacciones_ante_la_sentencia_23_f_declaraciones_del_gobierno_4_de_junio_de_1982.pdf,https://23fbuscador.rtve.es/document/ocr/1808/original,data/raw/pdfs_rtve/rtve_1808.pdf,66832,True,66832,
rtve_1807,1807,https://www.rtve.es/contenidos/documentos/23f-desclasificado/46_2026_el_papel_de_la_jujem_en_la_crisis_politico_militar.pdf,https://23fbuscador.rtve.es/document/ocr/1807/original,data/raw/pdfs_rtve/rtve_1807.pdf,316956,True,316956,
rtve_1806,1806,https://www.rtve.es/contenidos/documentos/23f-desclasificado/45_1982_comentarios_sobre_la_sentencia_del_23_f_cuartel_general_de_la_junta_de_jefes_de_.pdf,https://23fbuscador.rtve.es/document/ocr/1806/original,data/raw/pdfs_rtve/rtve_1806.pdf,254353,True,254353,
rtve_1805,1805,https://www.rtve.es/contenidos/documentos/23f-desclasificado/44_1982_incidente_entre_la_defensa_del_teniente_general_milans_del_bosch_y_la_prensa_28_.pdf,https://23fbuscador.rtve.es/document/ocr/1805/original,data/raw/pdfs_rtve/rtve_1805.pdf,251305,True,251305,
rtve_1804,1804,https://www.rtve.es/contenidos/documentos/23f-desclasificado/43_2026_nota_al_prejujem_presidente_de_la_junta_de_jefes_de_estado_mayor_algunos_datos_p.pdf,https://23fbuscador.rtve.es/document/ocr/1804/original,data/raw/pdfs_rtve/rtve_1804.pdf,1689096,True,1689096,
rtve_1803,1803,https://www.rtve.es/contenidos/documentos/23f-desclasificado/42_1982_reunion_sobre_acontecimientos_recientes_8_de_marzo_de_1982.pdf,https://23fbuscador.rtve.es/document/ocr/1803/original,data/raw/pdfs_rtve/rtve_1803.pdf,253672,True,253672,
rtve_1802,1802,https://www.rtve.es/contenidos/documentos/23f-desclasificado/41_1982_sobre_la_anunciada_libertad_provisional_de_algunos_procesados_en_la_causa_281_19.pdf,https://23fbuscador.rtve.es/document/ocr/1802/original,data/raw/pdfs_rtve/rtve_1802.pdf,509293,True,509293,
rtve_1801,1801,https://www.rtve.es/contenidos/documentos/23f-desclasificado/40_1982_ambiente_en_los_cuarteles_25_de_febrero_de_1982.pdf,https://23fbuscador.rtve.es/document/ocr/1801/original,data/raw/pdfs_rtve/rtve_1801.pdf,297646,True,297646,
rtve_1800,1800,https://www.rtve.es/contenidos/documentos/23f-desclasificado/39_2026_comisiones_militares_en_la_vista_de_la_causa_281_del_consejo_supremo_de_justicia.pdf,https://23fbuscador.rtve.es/document/ocr/1800/original,data/raw/pdfs_rtve/rtve_1800.pdf,196618,True,196618,
rtve_1799,1799,https://www.rtve.es/contenidos/documentos/23f-desclasificado/38_1982_comisiones_militares_10_de_marzo_de_1982.pdf,https://23fbuscador.rtve.es/document/ocr/1799/original,data/raw/pdfs_rtve/rtve_1799.pdf,71452,True,71452,
rtve_1798,1798,https://www.rtve.es/contenidos/documentos/23f-desclasificado/37_1981_carta_de_jose_cortina_prieto_para_emilio_manglano_3_de_octubre_de_1981.pdf,https://23fbuscador.rtve.es/document/ocr/1798/original,data/raw/pdfs_rtve/rtve_1798.pdf,193846,True,193846,
rtve_1797,1797,https://www.rtve.es/contenidos/documentos/23f-desclasificado/36_1981_investigacion_y_declaraciones_personal_aome_por_jddi_9_de_abril_de_1981.pdf,https://23fbuscador.rtve.es/document/ocr/1797/original,data/raw/pdfs_rtve/rtve_1797.pdf,6038486,True,6038486,
rtve_1796,1796,https://www.rtve.es/contenidos/documentos/23f-desclasificado/35_1981_informe_sobre_la_participacion_de_miembros_de_la_aome_cesid_en_los_hechos_del_23.pdf,https://23fbuscador.rtve.es/document/ocr/1796/original,data/raw/pdfs_rtve/rtve_1796.pdf,921293,True,921293,
rtve_1795,1795,https://www.rtve.es/contenidos/documentos/23f-desclasificado/34_2026_actitud_del_cesid_ante_la_situacion_provocada_por_los_incidentes_en_el_congreso.pdf,https://23fbuscador.rtve.es/document/ocr/1795/original,data/raw/pdfs_rtve/rtve_1795.pdf,1530115,True,1530115,
rtve_1794,1794,https://www.rtve.es/contenidos/documentos/23f-desclasificado/33_2026_resumen_de_la_actuacion_del_departamento_de_defensa_interna.pdf,https://23fbuscador.rtve.es/document/ocr/1794/original,data/raw/pdfs_rtve/rtve_1794.pdf,279174,True,279174,
rtve_1793,1793,https://www.rtve.es/contenidos/documentos/23f-desclasificado/32_2026_relacion_cesid_direccion_prejujem_j2.pdf,https://23fbuscador.rtve.es/document/ocr/1793/original,data/raw/pdfs_rtve/rtve_1793.pdf,143210,True,143210,
rtve_1792,1792,https://www.rtve.es/contenidos/documentos/23f-desclasificado/31_2026_relacion_cesid_direccion_general_jefe_del_estado_mayor_capitania.pdf,https://23fbuscador.rtve.es/document/ocr/1792/original,data/raw/pdfs_rtve/rtve_1792.pdf,47961,True,47961,
rtve_1791,1791,https://www.rtve.es/contenidos/documentos/23f-desclasificado/30_1981_guion_que_sirvio_de_base_para_la_reunion_de_sm_el_rey_con_el_presidente_del_gobi.pdf,https://23fbuscador.rtve.es/document/ocr/1791/original,data/raw/pdfs_rtve/rtve_1791.pdf,356497,True,356497,
rtve_1790,1790,https://www.rtve.es/contenidos/documentos/23f-desclasificado/29_1983_notas_de_1983_sobre_libertad_de_condenados_por_el_23_f_sobre_peticion_de_indulto.pdf,https://23fbuscador.rtve.es/document/ocr/1790/original,data/raw/pdfs_rtve/rtve_1790.pdf,4846346,True,4846346,
rtve_1789,1789,https://www.rtve.es/contenidos/documentos/23f-desclasificado/28_2026_nota_posible_golpe_de_estado_sin_firma.pdf,https://23fbuscador.rtve.es/document/ocr/1789/original,data/raw/pdfs_rtve/rtve_1789.pdf,2091381,True,2091381,
rtve_1788,1788,https://www.rtve.es/contenidos/documentos/23f-desclasificado/27_2026_nota_involucionismo_politico_provocado_por_posible_golpe_militar_sin_firma.pdf,https://23fbuscador.rtve.es/document/ocr/1788/original,data/raw/pdfs_rtve/rtve_1788.pdf,1585049,True,1585049,
rtve_1787,1787,https://www.rtve.es/contenidos/documentos/23f-desclasificado/26_2026_nota_campana_contra_sm_sin_firma.pdf,https://23fbuscador.rtve.es/document/ocr/1787/original,data/raw/pdfs_rtve/rtve_1787.pdf,5838795,True,5838795,
rtve_1786,1786,https://www.rtve.es/contenidos/documentos/23f-desclasificado/25_2026_juicio_del_23_f_acotaciones_al_desarrollo_del_juicio_notas_procesales_sobre_el_c.pdf,https://23fbuscador.rtve.es/document/ocr/1786/original,data/raw/pdfs_rtve/rtve_1786.pdf,6837971,True,6837971,
rtve_1785,1785,https://www.rtve.es/contenidos/documentos/23f-desclasificado/24_1981_indices_de_subversion_en_las_fas_marca_secreto_diciembre_de_1981.pdf,https://23fbuscador.rtve.es/document/ocr/1785/original,data/raw/pdfs_rtve/rtve_1785.pdf,4097698,True,4097698,
rtve_1784,1784,https://www.rtve.es/contenidos/documentos/23f-desclasificado/23_1981_policia_nacional_informe_de_situacion_marca_reservado_confidencial_12_de_noviemb.pdf,https://23fbuscador.rtve.es/document/ocr/1784/original,data/raw/pdfs_rtve/rtve_1784.pdf,6382316,True,6382316,
rtve_1783,1783,https://www.rtve.es/contenidos/documentos/23f-desclasificado/22_1983_nota_de_la_brigada_de_informacion_interior_apoyo_economico_a_los_implicados_en_e.pdf,https://23fbuscador.rtve.es/document/ocr/1783/original,data/raw/pdfs_rtve/rtve_1783.pdf,42498,True,42498,
rtve_1782,1782,https://www.rtve.es/contenidos/documentos/23f-desclasificado/21_1981_nota_campana_de_formacion_del_psoe_sobre_involucion_13_de_mayo_de_1981.pdf,https://23fbuscador.rtve.es/document/ocr/1782/original,data/raw/pdfs_rtve/rtve_1782.pdf,91021,True,91021,
rtve_1781,1781,https://www.rtve.es/contenidos/documentos/23f-desclasificado/20_1981_nota_partido_comunista_de_espana_pce_intento_de_la_extrema_derecha_de_implicar_a.pdf,https://23fbuscador.rtve.es/document/ocr/1781/original,data/raw/pdfs_rtve/rtve_1781.pdf,61923,True,61923,
rtve_1780,1780,https://www.rtve.es/contenidos/documentos/23f-desclasificado/19_1981_nota_bloqueada_una_cuenta_de_la_asociacion_de_mujeres_de_militares_y_policias_es.pdf,https://23fbuscador.rtve.es/document/ocr/1780/original,data/raw/pdfs_rtve/rtve_1780.pdf,155717,True,155717,
rtve_1779,1779,https://www.rtve.es/contenidos/documentos/23f-desclasificado/18_1981_nota_de_la_brigada_de_informacion_interior_el_23_f_basado_en_la_operacion_ariete.pdf,https://23fbuscador.rtve.es/document/ocr/1779/original,data/raw/pdfs_rtve/rtve_1779.pdf,138049,True,138049,
rtve_1778,1778,https://www.rtve.es/contenidos/documentos/23f-desclasificado/17_1981_nota_de_la_brigada_de_informacion_interior_ayudas_a_los_implicados_en_el_23_f_de.pdf,https://23fbuscador.rtve.es/document/ocr/1778/original,data/raw/pdfs_rtve/rtve_1778.pdf,82555,True,82555,
rtve_1777,1777,https://www.rtve.es/contenidos/documentos/23f-desclasificado/16_1981_nota_fuerza_nueva_el_divorcio_del_rey_con_el_ejercito_12_de_marzo_de_1981.pdf,https://23fbuscador.rtve.es/document/ocr/1777/original,data/raw/pdfs_rtve/rtve_1777.pdf,98605,True,98605,
rtve_1776,1776,https://www.rtve.es/contenidos/documentos/23f-desclasificado/168_2026_d31_aga_83_09301_exp_5.pdf,https://23fbuscador.rtve.es/document/ocr/1776/original,data/raw/pdfs_rtve/rtve_1776.pdf,2373270,True,2373270,
rtve_1775,1775,https://www.rtve.es/contenidos/documentos/23f-desclasificado/167_2026_d30_aga_83_09301_exp_5.pdf,https://23fbuscador.rtve.es/document/ocr/1775/original,data/raw/pdfs_rtve/rtve_1775.pdf,721856,True,721856,
rtve_1774,1774,https://www.rtve.es/contenidos/documentos/23f-desclasificado/166_2026_d29_aga_83_09301_exp_5.pdf,https://23fbuscador.rtve.es/document/ocr/1774/original,data/raw/pdfs_rtve/rtve_1774.pdf,993045,True,993045,
rtve_1773,1773,https://www.rtve.es/contenidos/documentos/23f-desclasificado/165_2026_d28_aga_83_09301_exp_5.pdf,https://23fbuscador.rtve.es/document/ocr/1773/original,data/raw/pdfs_rtve/rtve_1773.pdf,419162,True,419162,
rtve_1772,1772,https://www.rtve.es/contenidos/documentos/23f-desclasificado/164_2026_d27_aga_83_09301_exp_5.pdf,https://23fbuscador.rtve.es/document/ocr/1772/original,data/raw/pdfs_rtve/rtve_1772.pdf,387386,True,387386,
rtve_1771,1771,https://www.rtve.es/contenidos/documentos/23f-desclasificado/163_2026_d26_aga_83_09301_exp_5.pdf,https://23fbuscador.rtve.es/document/ocr/1771/original,data/raw/pdfs_rtve/rtve_1771.pdf,414866,True,414866,
rtve_1770,1770,https://www.rtve.es/contenidos/documentos/23f-desclasificado/162_2026_d25_aga_83_08764_exp_5.pdf,https://23fbuscador.rtve.es/document/ocr/1770/original,data/raw/pdfs_rtve/rtve_1770.pdf,848570,True,848570,
rtve_1769,1769,https://www.rtve.es/contenidos/documentos/23f-desclasificado/161_2026_d24_aga_83_07633_exp_4.pdf,https://23fbuscador.rtve.es/document/ocr/1769/original,data/raw/pdfs_rtve/rtve_1769.pdf,523711,True,523711,
rtve_1768,1768,https://www.rtve.es/contenidos/documentos/23f-desclasificado/160_2026_d23_aga_83_07633_exp_4.pdf,https://23fbuscador.rtve.es/document/ocr/1768/original,data/raw/pdfs_rtve/rtve_1768.pdf,335948,True,335948,
rtve_1767,1767,https://www.rtve.es/contenidos/documentos/23f-desclasificado/15_1981_informe_de_las_distintas_jefaturas_superiores_comisaria_general_de_informacion_s.pdf,https://23fbuscador.rtve.es/document/ocr/1767/original,data/raw/pdfs_rtve/rtve_1767.pdf,3199557,True,3199557,
rtve_1766,1766,https://www.rtve.es/contenidos/documentos/23f-desclasificado/159_2026_d22_aga_83_07633_exp_4.pdf,https://23fbuscador.rtve.es/document/ocr/1766/original,data/raw/pdfs_rtve/rtve_1766.pdf,829054,True,829054,
rtve_1765,1765,https://www.rtve.es/contenidos/documentos/23f-desclasificado/158_2026_d21_aga_83_07633_exp_4.pdf,https://23fbuscador.rtve.es/document/ocr/1765/original,data/raw/pdfs_rtve/rtve_1765.pdf,831708,True,831708,
rtve_1764,1764,https://www.rtve.es/contenidos/documentos/23f-desclasificado/157_2026_d20_aga_83_07633_exp_4.pdf,https://23fbuscador.rtve.es/document/ocr/1764/original,data/raw/pdfs_rtve/rtve_1764.pdf,1494106,True,1494106,
rtve_1763,1763,https://www.rtve.es/contenidos/documentos/23f-desclasificado/156_2026_d19_aga_83_07633_exp_4.pdf,https://23fbuscador.rtve.es/document/ocr/1763/original,data/raw/pdfs_rtve/rtve_1763.pdf,1618335,True,1618335,
rtve_1762,1762,https://www.rtve.es/contenidos/documentos/23f-desclasificado/155_2026_d18_aga_83_07633_exp_4.pdf,https://23fbuscador.rtve.es/document/ocr/1762/original,data/raw/pdfs_rtve/rtve_1762.pdf,848526,True,848526,
rtve_1761,1761,https://www.rtve.es/contenidos/documentos/23f-desclasificado/154_2026_d17_agmae_r40201_exp_215.pdf,https://23fbuscador.rtve.es/document/ocr/1761/original,data/raw/pdfs_rtve/rtve_1761.pdf,823557,True,823557,
rtve_1760,1760,https://www.rtve.es/contenidos/documentos/23f-desclasificado/153_2026_d16_agmae_r40201_exp_215.pdf,https://23fbuscador.rtve.es/document/ocr/1760/original,data/raw/pdfs_rtve/rtve_1760.pdf,849529,True,849529,
rtve_1759,1759,https://www.rtve.es/contenidos/documentos/23f-desclasificado/152_2026_d15_agmae_r40201_exp_215.pdf,https://23fbuscador.rtve.es/document/ocr/1759/original,data/raw/pdfs_rtve/rtve_1759.pdf,1668759,True,1668759,
rtve_1758,1758,https://www.rtve.es/contenidos/documentos/23f-desclasificado/151_2026_d14_agmae_r39017_exp_4.pdf,https://23fbuscador.rtve.es/document/ocr/1758/original,data/raw/pdfs_rtve/rtve_1758.pdf,2254249,True,2254249,
rtve_1757,1757,https://www.rtve.es/contenidos/documentos/23f-desclasificado/150_2026_d13_agmae_r39017_exp_4.pdf,https://23fbuscador.rtve.es/document/ocr/1757/original,data/raw/pdfs_rtve/rtve_1757.pdf,988033,True,988033,
rtve_1756,1756,https://www.rtve.es/contenidos/documentos/23f-desclasificado/14_1981_informe_de_las_distintas_jefaturas_superiores_comisaria_general_de_informacion_s.pdf,https://23fbuscador.rtve.es/document/ocr/1756/original,data/raw/pdfs_rtve/rtve_1756.pdf,809491,True,809491,
rtve_1755,1755,https://www.rtve.es/contenidos/documentos/23f-desclasificado/149_2026_d12_agmae_r39017_exp_4.pdf,https://23fbuscador.rtve.es/document/ocr/1755/original,data/raw/pdfs_rtve/rtve_1755.pdf,1051991,True,1051991,
rtve_1754,1754,https://www.rtve.es/contenidos/documentos/23f-desclasificado/148_2026_d11_agmae_r39017_exp_4.pdf,https://23fbuscador.rtve.es/document/ocr/1754/original,data/raw/pdfs_rtve/rtve_1754.pdf,1018468,True,1018468,
rtve_1753,1753,https://www.rtve.es/contenidos/documentos/23f-desclasificado/147_2026_d10_agmae_r39017_exp_4.pdf,https://23fbuscador.rtve.es/document/ocr/1753/original,data/raw/pdfs_rtve/rtve_1753.pdf,1133135,True,1133135,
rtve_1752,1752,https://www.rtve.es/contenidos/documentos/23f-desclasificado/146_2026_d9_agmae_r39017_exp_4.pdf,https://23fbuscador.rtve.es/document/ocr/1752/original,data/raw/pdfs_rtve/rtve_1752.pdf,1002027,True,1002027,
rtve_1751,1751,https://www.rtve.es/contenidos/documentos/23f-desclasificado/145_2026_d8_agmae_r39017_exp_4.pdf,https://23fbuscador.rtve.es/document/ocr/1751/original,data/raw/pdfs_rtve/rtve_1751.pdf,3190652,True,3190652,
rtve_1750,1750,https://www.rtve.es/contenidos/documentos/23f-desclasificado/144_2026_d7_agmae_r39017_exp_4.pdf,https://23fbuscador.rtve.es/document/ocr/1750/original,data/raw/pdfs_rtve/rtve_1750.pdf,1047933,True,1047933,
rtve_1749,1749,https://www.rtve.es/contenidos/documentos/23f-desclasificado/143_2026_d6_agmae_r39017_exp_4.pdf,https://23fbuscador.rtve.es/document/ocr/1749/original,data/raw/pdfs_rtve/rtve_1749.pdf,1024414,True,1024414,
rtve_1748,1748,https://www.rtve.es/contenidos/documentos/23f-desclasificado/142_2026_d5_agmae_r39017_exp_4.pdf,https://23fbuscador.rtve.es/document/ocr/1748/original,data/raw/pdfs_rtve/rtve_1748.pdf,1061125,True,1061125,
rtve_1747,1747,https://www.rtve.es/contenidos/documentos/23f-desclasificado/141_2026_d4_agmae_r39017_exp_4.pdf,https://23fbuscador.rtve.es/document/ocr/1747/original,data/raw/pdfs_rtve/rtve_1747.pdf,965782,True,965782,
rtve_1746,1746,https://www.rtve.es/contenidos/documentos/23f-desclasificado/140_2026_d3_agmae_r39017_exp_4.pdf,https://23fbuscador.rtve.es/document/ocr/1746/original,data/raw/pdfs_rtve/rtve_1746.pdf,2038379,True,2038379,
rtve_1745,1745,https://www.rtve.es/contenidos/documentos/23f-desclasificado/13_1981_informe_de_las_distintas_jefaturas_superiores_comisaria_general_de_informacion_s.pdf,https://23fbuscador.rtve.es/document/ocr/1745/original,data/raw/pdfs_rtve/rtve_1745.pdf,1440405,True,1440405,
rtve_1744,1744,https://www.rtve.es/contenidos/documentos/23f-desclasificado/139_2026_d2_agmae_r39017_exp_4.pdf,https://23fbuscador.rtve.es/document/ocr/1744/original,data/raw/pdfs_rtve/rtve_1744.pdf,1213448,True,1213448,
rtve_1743,1743,https://www.rtve.es/contenidos/documentos/23f-desclasificado/138_2026_d1_agmae_r39017_exp_4.pdf,https://23fbuscador.rtve.es/document/ocr/1743/original,data/raw/pdfs_rtve/rtve_1743.pdf,2055302,True,2055302,
rtve_1742,1742,https://www.rtve.es/contenidos/documentos/23f-desclasificado/137_2026_secreto_distribucion_de_los_procesados_por_la_causa_281_en_diferentes_unidades_m.pdf,https://23fbuscador.rtve.es/document/ocr/1742/original,data/raw/pdfs_rtve/rtve_1742.pdf,12552467,True,12552467,
rtve_1741,1741,https://www.rtve.es/contenidos/documentos/23f-desclasificado/136_2026_secreto_informacion_sobre_circunstancias_de_la_detencion_de_milans_del_bosch.pdf,https://23fbuscador.rtve.es/document/ocr/1741/original,data/raw/pdfs_rtve/rtve_1741.pdf,1017204,True,1017204,
rtve_1740,1740,https://www.rtve.es/contenidos/documentos/23f-desclasificado/135_2026_reservado_dacion_en_cuenta_de_recurso_de_queja_de_milans_del_bosch_sobre_su_dete.pdf,https://23fbuscador.rtve.es/document/ocr/1740/original,data/raw/pdfs_rtve/rtve_1740.pdf,3642487,True,3642487,
rtve_1739,1739,https://www.rtve.es/contenidos/documentos/23f-desclasificado/134_2026_secreto_copia_de_telex_dando_instrucciones_sobre_medidas_de_seguridad_con_las_vi.pdf,https://23fbuscador.rtve.es/document/ocr/1739/original,data/raw/pdfs_rtve/rtve_1739.pdf,11950298,True,11950298,
rtve_1738,1738,https://www.rtve.es/contenidos/documentos/23f-desclasificado/133_2026_secreto_comunicando_levantamiento_de_incomunicacion_de_tejero.pdf,https://23fbuscador.rtve.es/document/ocr/1738/original,data/raw/pdfs_rtve/rtve_1738.pdf,7934206,True,7934206,
rtve_1737,1737,https://www.rtve.es/contenidos/documentos/23f-desclasificado/132_2026_secreto_comunicando_sancion_a_consejeros_del_consejo_supremo_de_justicia_militar.pdf,https://23fbuscador.rtve.es/document/ocr/1737/original,data/raw/pdfs_rtve/rtve_1737.pdf,4101639,True,4101639,
rtve_1736,1736,https://www.rtve.es/contenidos/documentos/23f-desclasificado/131_2026_secreto_informe_juridico_sobre_recurso_contra_la_desestimacion_de_la_recusacion_.pdf,https://23fbuscador.rtve.es/document/ocr/1736/original,data/raw/pdfs_rtve/rtve_1736.pdf,8051761,True,8051761,
rtve_1735,1735,https://www.rtve.es/contenidos/documentos/23f-desclasificado/130_2026_secreto_traslado_de_peticiones_de_los_abogados_de_los_condenados.pdf,https://23fbuscador.rtve.es/document/ocr/1735/original,data/raw/pdfs_rtve/rtve_1735.pdf,2012774,True,2012774,
rtve_1734,1734,https://www.rtve.es/contenidos/documentos/23f-desclasificado/12_1978_nota_informativa_sobre_la_repercusion_en_prensa_del_arresto_de_tejero_en_1978_cu.pdf,https://23fbuscador.rtve.es/document/ocr/1734/original,data/raw/pdfs_rtve/rtve_1734.pdf,3022169,True,3022169,
rtve_1733,1733,https://www.rtve.es/contenidos/documentos/23f-desclasificado/129_2026_secreto_comunicacion_procesamiento_implicado.pdf,https://23fbuscador.rtve.es/document/ocr/1733/original,data/raw/pdfs_rtve/rtve_1733.pdf,3366578,True,3366578,
rtve_1732,1732,https://www.rtve.es/contenidos/documentos/23f-desclasificado/128_2026_secreto_comunicacion_procesamiento_implicado.pdf,https://23fbuscador.rtve.es/document/ocr/1732/original,data/raw/pdfs_rtve/rtve_1732.pdf,3481678,True,3481678,
rtve_1731,1731,https://www.rtve.es/contenidos/documentos/23f-desclasificado/127_2026_reservado_comunicacion_procesamiento_implicado.pdf,https://23fbuscador.rtve.es/document/ocr/1731/original,data/raw/pdfs_rtve/rtve_1731.pdf,3526738,True,3526738,
rtve_1730,1730,https://www.rtve.es/contenidos/documentos/23f-desclasificado/126_2026_reservado_comunicacion_procesamiento_implicado.pdf,https://23fbuscador.rtve.es/document/ocr/1730/original,data/raw/pdfs_rtve/rtve_1730.pdf,3567415,True,3567415,
rtve_1729,1729,https://www.rtve.es/contenidos/documentos/23f-desclasificado/125_2026_reservado_comunicacion_procesamiento_implicado.pdf,https://23fbuscador.rtve.es/document/ocr/1729/original,data/raw/pdfs_rtve/rtve_1729.pdf,3496784,True,3496784,
rtve_1728,1728,https://www.rtve.es/contenidos/documentos/23f-desclasificado/124_2026_reservado_comunicacion_procesamiento_implicado.pdf,https://23fbuscador.rtve.es/document/ocr/1728/original,data/raw/pdfs_rtve/rtve_1728.pdf,3489059,True,3489059,
rtve_1727,1727,https://www.rtve.es/contenidos/documentos/23f-desclasificado/123_2026_reservado_comunicacion_procesamiento_implicado.pdf,https://23fbuscador.rtve.es/document/ocr/1727/original,data/raw/pdfs_rtve/rtve_1727.pdf,3525348,True,3525348,
rtve_1726,1726,https://www.rtve.es/contenidos/documentos/23f-desclasificado/122_2026_reservado_comunicacion_procesamiento_implicado.pdf,https://23fbuscador.rtve.es/document/ocr/1726/original,data/raw/pdfs_rtve/rtve_1726.pdf,3579176,True,3579176,
rtve_1725,1725,https://www.rtve.es/contenidos/documentos/23f-desclasificado/121_2026_reservado_comunicacion_del_procesamiento_de_milans.pdf,https://23fbuscador.rtve.es/document/ocr/1725/original,data/raw/pdfs_rtve/rtve_1725.pdf,4187667,True,4187667,
rtve_1724,1724,https://www.rtve.es/contenidos/documentos/23f-desclasificado/120_2026_reservado_oficio_dando_cuenta_toma_de_declaracion.pdf,https://23fbuscador.rtve.es/document/ocr/1724/original,data/raw/pdfs_rtve/rtve_1724.pdf,2082807,True,2082807,
rtve_1723,1723,https://www.rtve.es/contenidos/documentos/23f-desclasificado/11_1978_nota_sobre_la_comparecencia_del_teniente_coronel_tejero_informando_sobre_una_reu.pdf,https://23fbuscador.rtve.es/document/ocr/1723/original,data/raw/pdfs_rtve/rtve_1723.pdf,101026,True,101026,
rtve_1722,1722,https://www.rtve.es/contenidos/documentos/23f-desclasificado/119_2026_reservado_oficio_dando_cuenta_toma_de_declaracion.pdf,https://23fbuscador.rtve.es/document/ocr/1722/original,data/raw/pdfs_rtve/rtve_1722.pdf,1977773,True,1977773,
rtve_1721,1721,https://www.rtve.es/contenidos/documentos/23f-desclasificado/118_2026_secreto_oficio_dando_cuenta_toma_de_declaracion.pdf,https://23fbuscador.rtve.es/document/ocr/1721/original,data/raw/pdfs_rtve/rtve_1721.pdf,2079237,True,2079237,
rtve_1720,1720,https://www.rtve.es/contenidos/documentos/23f-desclasificado/117_2026_secreto_oficio_dando_cuenta_toma_de_declaracion.pdf,https://23fbuscador.rtve.es/document/ocr/1720/original,data/raw/pdfs_rtve/rtve_1720.pdf,2010421,True,2010421,
rtve_1719,1719,https://www.rtve.es/contenidos/documentos/23f-desclasificado/116_2026_reservado_informe_de_asesoria_juridica_general_sobre_su_situacion_administrativa.pdf,https://23fbuscador.rtve.es/document/ocr/1719/original,data/raw/pdfs_rtve/rtve_1719.pdf,8325317,True,8325317,
rtve_1718,1718,https://www.rtve.es/contenidos/documentos/23f-desclasificado/115_2026_reservado_hoja_de_servicios_del_cap_sanchez_valiente.pdf,https://23fbuscador.rtve.es/document/ocr/1718/original,data/raw/pdfs_rtve/rtve_1718.pdf,2002157,True,2002157,
rtve_1717,1717,https://www.rtve.es/contenidos/documentos/23f-desclasificado/114_2026_reservado_parte_por_abandono_de_destino_del_cap_sanchez_valiente.pdf,https://23fbuscador.rtve.es/document/ocr/1717/original,data/raw/pdfs_rtve/rtve_1717.pdf,7412965,True,7412965,
rtve_1716,1716,https://www.rtve.es/contenidos/documentos/23f-desclasificado/113_1987_revision_de_la_sentencia_dictada_en_la_causa_281_del_csjm_19_de_octubre_de_1987.pdf,https://23fbuscador.rtve.es/document/ocr/1716/original,data/raw/pdfs_rtve/rtve_1716.pdf,624412,True,624412,
rtve_1715,1715,https://www.rtve.es/contenidos/documentos/23f-desclasificado/112_1982_sobre_entrevistas_de_sm_el_rey_con_militares_implicados_en_el_23_f_5_de_febrero_.pdf,https://23fbuscador.rtve.es/document/ocr/1715/original,data/raw/pdfs_rtve/rtve_1715.pdf,121984,True,121984,
rtve_1714,1714,https://www.rtve.es/contenidos/documentos/23f-desclasificado/111_1982_comparecimiento_en_consejo_supremo_un_oficial_y_dos_guardias_12_de_enero_de_1982.pdf,https://23fbuscador.rtve.es/document/ocr/1714/original,data/raw/pdfs_rtve/rtve_1714.pdf,89651,True,89651,
rtve_1713,1713,https://www.rtve.es/contenidos/documentos/23f-desclasificado/110_1982_certificacion_solicitada_para_su_union_a_la_causa_281_del_csjm_12_de_enero_de_19.pdf,https://23fbuscador.rtve.es/document/ocr/1713/original,data/raw/pdfs_rtve/rtve_1713.pdf,172216,True,172216,
rtve_1712,1712,https://www.rtve.es/contenidos/documentos/23f-desclasificado/10_1975_oficio_zona_pais_vasco_que_expresa_una_comunicacion_del_teniente_coronel_tejero_.pdf,https://23fbuscador.rtve.es/document/ocr/1712/original,data/raw/pdfs_rtve/rtve_1712.pdf,98458,True,98458,
rtve_1711,1711,https://www.rtve.es/contenidos/documentos/23f-desclasificado/109_1982_solicitando_datos_sobre_el_cte_cortina_y_equipos_de_transmisiones_8_de_enero_de_.pdf,https://23fbuscador.rtve.es/document/ocr/1711/original,data/raw/pdfs_rtve/rtve_1711.pdf,160901,True,160901,
rtve_1710,1710,https://www.rtve.es/contenidos/documentos/23f-desclasificado/108_1982_interesando_comparecencia_del_capitan_de_la_guardia_civil_jose_ramon_toston_de_l.pdf,https://23fbuscador.rtve.es/document/ocr/1710/original,data/raw/pdfs_rtve/rtve_1710.pdf,105539,True,105539,
rtve_1709,1709,https://www.rtve.es/contenidos/documentos/23f-desclasificado/107_2026_traslado_de_un_escrito.pdf,https://23fbuscador.rtve.es/document/ocr/1709/original,data/raw/pdfs_rtve/rtve_1709.pdf,169379,True,169379,
rtve_1708,1708,https://www.rtve.es/contenidos/documentos/23f-desclasificado/106_1981_capitan_sanchez_valiente_2_de_junio_de_1981.pdf,https://23fbuscador.rtve.es/document/ocr/1708/original,data/raw/pdfs_rtve/rtve_1708.pdf,167422,True,167422,
rtve_1707,1707,https://www.rtve.es/contenidos/documentos/23f-desclasificado/105_1981_comentarios_efectuados_por_el_capitan_de_la_guardia_civil_sanchez_valiente_en_ro.pdf,https://23fbuscador.rtve.es/document/ocr/1707/original,data/raw/pdfs_rtve/rtve_1707.pdf,481075,True,481075,
rtve_1706,1706,https://www.rtve.es/contenidos/documentos/23f-desclasificado/104_1981_procesamiento_de_un_jefe_22_de_mayo_de_1981.pdf,https://23fbuscador.rtve.es/document/ocr/1706/original,data/raw/pdfs_rtve/rtve_1706.pdf,65221,True,65221,
rtve_1705,1705,https://www.rtve.es/contenidos/documentos/23f-desclasificado/103_1981_referencias_en_los_medios_de_comunicacion_social_a_personal_del_centro_vinculada.pdf,https://23fbuscador.rtve.es/document/ocr/1705/original,data/raw/pdfs_rtve/rtve_1705.pdf,157780,True,157780,
rtve_1704,1704,https://www.rtve.es/contenidos/documentos/23f-desclasificado/102_1981_relaciones_entre_algunos_militares_y_paisanos_armados_14_de_abril_de_1981.pdf,https://23fbuscador.rtve.es/document/ocr/1704/original,data/raw/pdfs_rtve/rtve_1704.pdf,131899,True,131899,
rtve_1703,1703,https://www.rtve.es/contenidos/documentos/23f-desclasificado/101_1981_semestral_de_la_amenaza_interior_10_de_febrero_de_1981_9_de_marzo_de_1981.pdf,https://23fbuscador.rtve.es/document/ocr/1703/original,data/raw/pdfs_rtve/rtve_1703.pdf,4568995,True,4568995,
rtve_1702,1702,https://www.rtve.es/contenidos/documentos/23f-desclasificado/100_1982_vista_oral_281_del_consejo_supremo_de_justicia_militar_19_de_febrero_de_1982.pdf,https://23fbuscador.rtve.es/document/ocr/1702/original,data/raw/pdfs_rtve/rtve_1702.pdf,670933,True,670933,
rtve_1701,1701,https://www.rtve.es/contenidos/documentos/23f-desclasificado/09_1981_telex_interiores_y_de_agencias_recibidos_en_2%C2%AA_seccion_em_el_dia_23_f_informando.pdf,https://23fbuscador.rtve.es/document/ocr/1701/original,data/raw/pdfs_rtve/rtve_1701.pdf,6915857,True,6915857,
rtve_1700,1700,https://www.rtve.es/contenidos/documentos/23f-desclasificado/08_2026_nota_del_em_de_la_guardia_civil_con_una_secuencia_parcial_de_los_hechos_del_asal.pdf,https://23fbuscador.rtve.es/document/ocr/1700/original,data/raw/pdfs_rtve/rtve_1700.pdf,310027,True,310027,
rtve_1699,1699,https://www.rtve.es/contenidos/documentos/23f-desclasificado/07_2026_transcripcion_de_cintas_grabadas_con_conversaciones_telefonicas_con_varias_perso.pdf,https://23fbuscador.rtve.es/document/ocr/1699/original,data/raw/pdfs_rtve/rtve_1699.pdf,6425387,True,6425387,
rtve_1698,1698,https://www.rtve.es/contenidos/documentos/23f-desclasificado/06_2026_documento_manuscrito_de_posible_planificacion_del_golpe.pdf,https://23fbuscador.rtve.es/document/ocr/1698/original,data/raw/pdfs_rtve/rtve_1698.pdf,246221,True,246221,
rtve_1697,1697,https://www.rtve.es/contenidos/documentos/23f-desclasificado/05_1980_documentacion_con_una_presunta_planificacion_del_golpe_manuscrita_1980.pdf,https://23fbuscador.rtve.es/document/ocr/1697/original,data/raw/pdfs_rtve/rtve_1697.pdf,2791577,True,2791577,
rtve_1696,1696,https://www.rtve.es/contenidos/documentos/23f-desclasificado/04_1981_conversaciones_telefonicas_de_presuntamente_la_unidad_militar_el_pardo_24_de_feb.pdf,https://23fbuscador.rtve.es/document/ocr/1696/original,data/raw/pdfs_rtve/rtve_1696.pdf,618188,True,618188,
rtve_1695,1695,https://www.rtve.es/contenidos/documentos/23f-desclasificado/03_2026_transcripcion_de_conversacion_telefonica_de_garcia_carres_con_otra_persona_despu.pdf,https://23fbuscador.rtve.es/document/ocr/1695/original,data/raw/pdfs_rtve/rtve_1695.pdf,96475,True,96475,
rtve_1694,1694,https://www.rtve.es/contenidos/documentos/23f-desclasificado/02_2026_transcripcion_de_conversacion_telefonica_de_presuntamente_garcia_carres_y_tejero.pdf,https://23fbuscador.rtve.es/document/ocr/1694/original,data/raw/pdfs_rtve/rtve_1694.pdf,234324,True,234324,
